{
    "camera_matrix_left": [
        [
            5.347,
            0.0,
            197.4602
        ],
        [
            0.0,
            5.3298,
            129.2741
        ],
        [
            0.0,
            0.0,
            1.0
        ]
    ],
    "dist_coeffs_left": [
        [
            -4.774e-05,
            3e-08,
            0.0,
            0.0,
            0.0
        ]
    ],
    "camera_matrix_right": [
        [
            5.3243,
            0.0,
            203.1296
        ],
        [
            0.0,
            5.3168,
            127.2889
        ],
        [
            0.0,
            0.0,
            1.0
        ]
    ],
    "dist_coeffs_right": [
        [
            -4.038e-05,
            2e-08,
            0.0,
            0.0,
            0.0
        ]
    ],
    "R": [
        [
            1.0,
            -0.0007,
            0.0004
        ],
        [
            0.0007,
            1.0,
            0.0004
        ],
        [
            -0.0004,
            -0.0004,
            1.0
        ]
    ],
    "T": [
        [
            -0.0616801
        ],
        [
            -9.049999999999999e-05
        ],
        [
            -8.24e-05
        ]
    ],
    "E": [
        [
            9.387999999999999e-08,
            8.24362e-05,
            -9.046703999999999e-05
        ],
        [
            -0.00010707204,
            -2.4614360000000003e-05,
            0.06168006704
        ],
        [
            4.732392999999999e-05,
            -0.061680163350000004,
            -2.463584e-05
        ]
    ],
    "F": [
        [
            3.2976182565757127e-09,
            2.9049892775194524e-06,
            -0.00039318237181897844
        ],
        [
            -3.7663057141623796e-06,
            -8.686149736704331e-07,
            0.01245696049288988
        ],
        [
            0.0004875896248638955,
            -0.01205222180567019,
            -0.011488030140216932
        ]
    ],
    "baseline_mm": 61.6801,
    "baseline_m": 0.0616801,
    "calibration_date": "2026-01-09",
    "calibration_method": "MATLAB Camera Calibrator",
    "notes": "双目立体标定参数 - 基于MATLAB标定工具箱重新标定。左右相机焦距约5.3px，光心分别在(197,129)和(203,127)，基线长度61.68mm，畸变系数极小。"
}