{"camera_matrix_left":[[208.89600849556564,0,166.31378291754564],[0,209.51008622931835,131.16578795938489],[0,0,1]],"dist_coeffs_left":[-0.06514007380436887,0.18737968544529346,0,0,0],"camera_matrix_right":[[209.1546713362743,0,174.01606206200435],[0,209.93051142249868,133.06054901278705],[0,0,1]],"dist_coeffs_right":[-0.043494035316686851,0.089468243292877392,0,0,0],"R":[[0.999955735517614,0.000791832491916667,-0.009375500345710967],[-0.00096472124155568364,0.99982931250014684,-0.018450343585144066],[0.0093592904834593465,0.01845857163456914,0.99978581947077938]],"T":[-0.062727911433534927,-0.00014512975295812377,-0.00042876801937672266],"image_size":[240,320],"R1":[[-0.99997396346289036,-0.0023135789310584228,-0.0068351846242573492],[0.0023136329778655194,-0.99999732354764026,0],[-0.0068351663302113324,-1.5814108556481141E-5,0.999976639852728]],"R2":[[-0.99986744882416068,-0.0012223764037142481,-0.016235472823173731],[0.0015217001934845977,-0.999828868515503,-0.018436868267969576],[-0.016210157629878832,-0.018459129961538208,0.99969820011375321]],"P1":[[209.02533991591997,0,159.5,0],[0,209.72029882590851,119.5,0],[0,0,1,0]],"P2":[[209.02533991591997,0,159.5,-13.112064402361758],[0,209.72029882590851,119.5,0],[0,0,1,0]],"Q":[[1,0,0,-159.5],[0,1,0,-119.5],[0,0,0,209.02533991591997],[0,0,-15.941451590053976,0]],"roi_left":[0,0,320,240],"roi_right":[0,0,320,240],"mean_reprojection_error":0.18710591379868208,"timestamp":"2026-01-16T14:43:49"}